[REF_AREA] Reference area,[CURRENCY] Currency,2022-12-31,2021-12-31,2020-12-31,2019-12-31,2018-12-31,2017-12-31,2016-12-31,2015-12-31,2014-12-31,2013-12-31,2012-12-31,2011-12-31,2010-12-31,2009-12-31,2008-12-31,2007-12-31,2006-12-31,2005-12-31,2004-12-31,2003-12-31,2002-12-31
[AE] United Arab Emirates,[AED] UAE dirham,3.6725,3.6725,3.6725,3.6725,3.6725,3.6725,3.6725,3.6725,3.6725,3.6725,3.6725,3.6725,3.6725,3.6725,3.6725,3.6725,3.6725,3.6725,3.6725,3.6725,3.6725
[AF] Afghanistan,[AFN] Afghani,,,76.813536,77.737949,72.083247,68.026904,67.866086,61.143462,57.2475,55.3775,50.9214,46.747008,46.452461,50.325,50.249615,49.962018,49.925331,49.494598,47.845313,48.762754,47.263
[AG] Antigua and Barbuda,[XCD] Eastern Caribbean dollar,2.7,2.7,2.7,2.7,2.7,2.7,2.7,2.7,2.7,2.7,2.7,2.7,2.7,2.7,2.7,2.7,2.7,2.7,2.7,2.7,2.7
[AI] Anguilla,[XCD] Eastern Caribbean dollar,2.7,2.7,2.7,2.7,2.7,2.7,2.7,2.7,2.7,2.7,2.7,2.7,2.7,2.7,2.7,2.7,2.7,2.7,2.7,2.7,2.7
[AL] Albania,[ALL] Lek,113.0434,103.518399,108.649384,109.850824,107.987899,119.099473,124.140872,125.96083,105.479234,105.668673,108.183986,100.895045,103.936996,94.978605,83.898582,90.427884,98.103759,99.869935,102.780307,121.855464,140.191189
[AM] Armenia,[AMD] Dram,435.66618,503.769675,489.008859,480.445129,482.987947,482.716394,480.488151,477.918307,415.919789,409.625749,401.763976,372.500882,373.660467,363.283286,305.9694,342.079116,416.04037,457.686941,533.450833,578.762955,573.353333
[AN] Netherlands Antilles,[ANG] Netherlands Antillean guilder,1.79,1.79,1.79,1.79,1.79,1.79,1.79,1.79,1.79,1.79,1.79,1.79,1.79,1.79,1.79,1.79,1.79,1.79,1.79,1.79,1.79
[AO] Angola,[AOA] Angolan Kwanza,460.5675116314,631.4419555068,578.2587802802,364.8258049808,252.8557477313,165.9159506916,163.6564341168,120.0607016651,98.3024168557,96.5182794792,95.4679554213,93.93475,91.9057203405,79.3281666667,75.0333541667,76.70614275,80.3680720556,87.1591416667,83.5413625,74.6063008333,43.5302066667
[AR] Argentina,[ARS] Argentine peso,130.80887786885,95.161463114754,70.363962016225,48.162808028132,28.065645375995,16.553207797338,14.76917019427,9.2462373450905,8.1153494827684,5.4716572602663,4.5446862151203,4.1274621520063,3.9124260490064,3.7310245708484,3.1605007478938,3.1158817405992,3.0768405797767,2.9256118776145,2.9477311287062,2.9530250032693,3.2887516851716
[AT] Austria,[EUR] Euro,0.951774,0.845982,0.876828,0.893409,0.847582,0.887039,0.90389,0.901896,0.753941,0.753234,0.778848,0.719207,0.755868,0.718958,0.683499,0.730754,0.797168,0.805111,0.804856,0.885756,1.060945
[AU] Australia,[AUD] Australian dollar,1.442807,1.332437,1.451936,1.439273,1.339015,1.304983,1.344874,1.332359,1.109239,1.036882,0.965948,0.969524,1.089508,1.279068,1.196204,1.194885,1.328211,1.312657,1.360461,1.540934,1.840401
[AW] Aruba,[AWG] Aruban florin,1.79,1.79,1.79,1.79,1.79,1.79,1.79,1.79,1.79,1.79,1.79,1.79,1.79,1.79,1.79,1.79,1.79,1.79,1.79,1.79,1.79
[AZ] Azerbaijan,[AZN] Azerbaijan manat,1.7,1.7,1.7,1.7,1.700017,1.721155,1.595722,1.024564,0.784348,0.784541,0.785645,0.789686,0.80265,0.803783,0.82162,0.858124,0.893445,0.945421,0.982696,0.982146,0.972164
[BA] Bosnia and Herzegovina,[BAM] Bosnian convertible mark,1.860152,1.653851,1.716607,1.747204,1.657498,1.735465,1.768011,1.762605,1.474019,1.473557,1.522668,1.406117,1.469642,1.406871,1.336615,1.429542,1.559433,1.572843,1.575611,1.733531,2.076755
[BB] Barbados,[BBD] Barbados dollar,2,2,2,2,2,2,2,2,2,2,2,2,2,2,2,2,2,2,2,2,2
[BD] Bangladesh,[BDT] Taka,91.745454,85.083763,84.871392,84.453523,83.466202,80.437542,78.468092,77.946908,77.641408,78.103235,81.862658,74.1524,69.649292,69.039067,68.598275,68.874875,68.933233,64.327475,59.512658,58.15004,57.888
[BE] Belgium,[EUR] Euro,0.951774,0.845982,0.876828,0.893409,0.847582,0.887039,0.90389,0.901896,0.753941,0.753234,0.778848,0.719207,0.755868,0.718958,0.683499,0.730754,0.797168,0.805111,0.804856,0.885756,1.060945
[BF] Burkina Faso,[XOF] CFA franc,623.759701,554.530675,575.586005,585.958558,555.700717,582.029327,593.01401,591.449453,494.413981,494.046706,510.514329,471.764433,495.309821,472.024291,448.215181,479.262675,522.860739,527.789731,528.122551,581.061075,696.381494
[BG] Bulgaria,[BGN] Lev,1.861479,1.654573,1.7149,1.747329,1.657701,1.734872,1.767828,1.763928,1.474557,1.473176,1.52327,1.406625,1.478327,1.406138,1.336788,1.429208,1.559103,1.574633,1.572034,1.726387,2.068047
[BH] Bahrain,[BHD] Bahraini dinar,0.376,0.376,0.376,0.376,0.376,0.376,0.376,0.376,0.376,0.376,0.376,0.376,0.376,0.376,0.376,0.376,0.376,0.376,0.376,0.376,0.376
[BI] Burundi,[BIF] Burundi franc,2034.306634,1975.950881,1915.046176,1845.622891,1782.876875,1729.055,1654.626667,1571.898333,1546.686667,1555.090833,1442.505625,1261.073333,1230.748333,1230.179167,1185.690833,1081.869683,1028.683553,1081.577167,1100.9,1082.62,930.749167
[BJ] Benin,[XOF] CFA franc,623.759701,554.530675,575.586005,585.958558,555.700717,582.029327,593.01401,591.449453,494.413981,494.046706,510.514329,471.764433,495.309821,472.024291,448.215181,479.262675,522.860739,527.789731,528.122551,581.061075,696.381494
[BN] Brunei Darussalam,[BND] Brunei dollar,1.379748,1.343539,1.379952,1.364351,1.348758,1.380581,1.380584,1.375503,1.267044,1.25096,1.250422,1.257155,1.36578,1.454478,1.414476,1.507719,1.588721,1.664239,1.690283,1.742022,1.790057
[BO] Bolivia,[BOB] Boliviano,6.91,6.91,6.91,6.91,6.91,6.91,6.91,6.91,6.91,6.91,6.91,6.936963,7.016667,7.02,7.238321,7.851245,8.011617,8.066063,7.936267,7.659167,7.17
[BR] Brazil,[BRL] Brazilian real,5.1669595993628,5.3947116310235,5.153947711647,3.9440947145962,3.6558383885841,3.1906327190578,3.4840954974593,3.339092282981,2.3535350501255,2.1586201723901,1.954152025389,1.6739572447432,1.7593556697984,1.995659136472,1.8350906433752,1.9478138435508,2.1771173852815,2.4340831028636,2.9263911091271,3.0758586089804,2.924355954139
[BS] The Bahamas,[BSD] Bahamian dollar,1,1,1,1,1,1,1,1,1,1,1,1,1,1,1,1,1,1,1,1,1
[BT] Bhutan,[BTN] Ngultrum,78.604491,73.918013,74.099567,70.420341,68.389467,65.121569,67.195313,64.151944,61.029514,58.597845,53.437233,46.670467,45.725812,48.405267,43.505183,41.348533,45.307008,44.099975,45.316467,46.583284,48.610319
[BW] Botswana,[BWP] Pula,12.368808,11.087258,11.456242,10.755867,10.199975,10.347417,10.901158,10.128992,8.976083,8.398908,7.640525,6.838233,6.793625,7.155142,6.826858,6.139408,5.8303,5.11675,4.693833,4.949667,6.327792
[BY] Belarus,[BYN] Belarusian Ruble,2.617633,2.543533,2.480317,2.095575,2.042192,1.928792,1.993042,1.619325,1.035,0.892333,0.8335,0.526042,0.298425,0.280933,0.213767,0.214625,0.214408,0.2153,0.215992,0.206125,0.179642
[BZ] Belize,[BZD] Belize dollar,2,2,2,2,2,2,2,2,2,2,2,2,2,2,2,2,2,2,2,2,2
[CA] Canada,[CAD] Canadian dollar,1.301834,1.25372,1.340677,1.326937,1.29571,1.298099,1.324811,1.27911,1.104261,1.030191,0.999739,0.989261,1.029955,1.140266,1.065847,1.073623,1.134173,1.212034,1.301298,1.401231,1.569864
[CD] Democratic Republic of the Congo,[CDF] Congolese franc,,1989.3914712292,1851.1221618325,1647.7601272767,1622.5235016225,1464.4179316375,1010.302757168,925.9849612804,925.2262825319,919.5659073549,919.7550166667,919.4913,905.9134583333,809.7858333333,559.2925083333,516.7498916667,468.278825,473.9080083333,399.4757916667,405.1781832308,346.484999905
[CF] Central African Republic,[XAF] CFA franc,623.759701,554.530675,575.586005,585.958558,555.700717,582.029327,593.01401,591.449453,494.413981,494.046706,510.514329,471.764433,495.309821,472.024291,448.215181,479.262675,522.860739,527.789731,528.122551,581.061075,696.381494
[CG] Republic of Congo,[XAF] CFA franc,623.759701,554.530675,575.586005,585.958558,555.700717,582.029327,593.01401,591.449453,494.413981,494.046706,510.514329,471.764433,495.309821,472.024291,448.215181,479.262675,522.860739,527.789731,528.122551,581.061075,696.381494
[CH] Switzerland,[CHF] Swiss franc,0.95513,0.914318,0.938402,0.993719,0.97856,0.98465,0.985258,0.96285,0.915544,0.927282,0.938684,0.886766,1.042589,1.085405,1.083274,1.200066,1.253639,1.246551,1.242587,1.346311,1.556569
[CI] C�te d'Ivoire,[XOF] CFA franc,623.759701,554.530675,575.586005,585.958558,555.700717,582.029327,593.01401,591.449453,494.413981,494.046706,510.514329,471.764433,495.309821,472.024291,448.215181,479.262675,522.860739,527.789731,528.122551,581.061075,696.381494
[CL] Chile,[CLP] Chilean peso,872.33152,759.27284,792.221833,702.631048,640.290772,649.328785,676.832421,654.249,570.005904,494.995161,486.746559,483.364048,510.37664,559.66732,521.78956,522.690688,530.263052,559.862778,609.54996,691.53556,689.24245
[CM] Cameroon,[XAF] CFA franc,623.759701,554.530675,575.586005,585.958558,555.700717,582.029327,593.01401,591.449453,494.413981,494.046706,510.514329,471.764433,495.309821,472.024291,448.215181,479.262675,522.860739,527.789731,528.122551,581.061075,696.381494
[CN] China,[CNY] Renminbi,6.734739,6.449111,6.900323,6.911383,6.618697,6.758703,6.644414,6.285394,6.161199,6.148014,6.309354,6.462405,6.767807,6.831128,6.948459,7.60629,7.973662,8.192424,8.277741,8.276998,8.276999
[CO] Colombia,[COP] Colombian peso,4255.439863,3742.605742,3693.360874,3281.068247,2956.430274,2951.366044,3050.977787,2743.38674,2000.326822,1869.098904,1797.785765,1846.967096,1898.683671,2153.297699,1967.112268,2076.239753,2358.959123,2321.494767,2628.473989,2875.907836,2506.547233
[CR] Costa Rica,[CRC] Costa Rica colon,647.135818,620.78472,584.900855,587.294596,576.972501,567.51309,544.739367,534.56577,538.3172,499.766833,502.901462,505.66424,525.829201,573.287957,526.235513,516.61739,511.301818,477.786741,437.935,398.662222,359.817527
[CV] Cabo Verde,[CVE] Cabo Verde escudo,105.530783,93.218092,96.795743,98.495179,93.413579,97.806938,99.688114,99.385694,83.0345,83.0725,86.318954,79.276881,83.278689,80.035418,75.336004,80.615027,87.926065,88.646169,88.747925,97.7875,117.255833
[CY] Cyprus,[EUR] Euro,0.951774,0.845982,0.876828,0.893409,0.847582,0.887039,0.90389,0.901896,0.753941,0.753234,0.778848,0.719207,0.755868,0.718958,0.683499,0.727374,0.784195,0.793276,0.800199,0.883859,1.042972
[CZ] Czech Republic,[CZK] Czech koruna,23.380792,21.687822,23.195875,22.934477,21.742919,23.371739,24.436014,24.599989,20.762861,19.565032,19.590807,17.692511,19.11265,19.034531,17.063634,20.304025,22.598005,23.970144,25.676027,28.203811,32.702346
[DE] Germany,[EUR] Euro,0.951774,0.845982,0.876828,0.893409,0.847582,0.887039,0.90389,0.901896,0.753941,0.753234,0.778848,0.719207,0.755868,0.718958,0.683499,0.730754,0.797168,0.805111,0.804856,0.885756,1.060945
[DJ] Djibouti,[DJF] Djibouti franc,177.721,177.721,177.721,177.721,177.721,177.721,177.721,177.721,177.721,177.721,177.721,177.721,177.721,177.721,177.721,177.721,177.721,177.721,177.721,177.721,177.721
[DK] Denmark,[DKK] Danish krone,7.080757,6.291597,6.536398,6.670257,6.317309,6.598267,6.729628,6.727063,5.620225,5.617541,5.797469,5.358432,5.629127,5.353661,5.096,5.444543,5.946202,5.999742,5.988053,6.581706,7.883482
[DM] Dominica,[XCD] Eastern Caribbean dollar,2.7,2.7,2.7,2.7,2.7,2.7,2.7,2.7,2.7,2.7,2.7,2.7,2.7,2.7,2.7,2.7,2.7,2.7,2.7,2.7,2.7
[DO] Dominican Republic,[DOP] Dominican peso,55.140992,57.221117,56.524533,51.294858,49.509993,47.534358,46.064444,45.045499,43.549673,41.794503,39.320301,38.087585,36.821292,35.971866,34.529361,33.171871,33.300035,30.282808,41.930315,29.37,17.593044
[DZ] Algeria,[DZD] Algerian dinar,142.003207,135.106373,126.785529,119.433801,116.614476,110.861134,109.395321,100.44509,80.580034,79.585823,77.662438,73.043964,73.8833,72.514111,64.578286,69.686065,72.904879,72.779659,71.740207,77.27445,79.266528
[EE] Estonia,[EUR] Euro,0.951774,0.845982,0.876828,0.893409,0.847582,0.887039,0.90389,0.901896,0.753941,0.753234,0.778848,0.719207,0.755868,0.718958,0.683499,0.730754,0.797168,0.805111,0.804856,0.885756,1.060945
[EG] Egypt,[EGP] Egyptian pound,19.16044,15.644527,15.759173,16.770582,17.76729,17.782534,10.025401,7.691258,7.077609,6.870325,6.056058,5.932828,5.621943,5.544553,5.4325,5.635433,5.733167,5.778833,6.196242,5.850875,4.499667
[ER] Eritrea,[ERN] Nakfa,15.075,15.075,15.075,15.075,15.075,15.075,15.35,15.375,15.375,15.375,15.375,15.375,15.375,15.375,15.375,15.375,15.375,15.367917,13.7875,13.877891,13.958194
[ES] Spain,[EUR] Euro,0.951774,0.845982,0.876828,0.893409,0.847582,0.887039,0.90389,0.901896,0.753941,0.753234,0.778848,0.719207,0.755868,0.718958,0.683499,0.730754,0.797168,0.805111,0.804856,0.885756,1.060945
[ET] Ethiopia,[ETB] Ethiopian Birr,51.756215,43.733778,34.927165,29.06975,27.429387,23.866104,21.731547,20.576849,19.58579,18.626629,17.704761,16.899226,14.40959,11.7776,9.599742,8.96595,8.698616,8.666442,8.635583,8.599683,8.56775
[FI] Finland,[EUR] Euro,0.951774,0.845982,0.876828,0.893409,0.847582,0.887039,0.90389,0.901896,0.753941,0.753234,0.778848,0.719207,0.755868,0.718958,0.683499,0.730754,0.797168,0.805111,0.804856,0.885756,1.060945
[FJ] Fiji,[FJD] Fiji dollar,2.201407,2.070633,2.168805,2.160393,2.08738,2.066875,2.094696,2.09763,1.887345,1.841477,1.789893,1.790884,1.918509,1.958095,1.594034,1.610414,1.731265,1.691046,1.733102,1.895768,2.186783
[FM] Micronesia,[USD] US dollar,1,1,1,1,1,1,1,1,1,1,1,1,1,1,1,1,1,1,1,1,1
[FR] France,[EUR] Euro,0.951774,0.845982,0.876828,0.893409,0.847582,0.887039,0.90389,0.901896,0.753941,0.753234,0.778848,0.719207,0.755868,0.718958,0.683499,0.730754,0.797168,0.805111,0.804856,0.885756,1.060945
[GA] Gabon,[XAF] CFA franc,623.759701,554.530675,575.586005,585.958558,555.700717,582.029327,593.01401,591.449453,494.413981,494.046706,510.514329,471.764433,495.309821,472.024291,448.215181,479.262675,522.860739,527.789731,528.122551,581.061075,696.381494
[GB] United Kingdom,[GBP] Pound (sterling),0.812127,0.727024,0.77964,0.784206,0.749947,0.776964,0.740907,0.654322,0.607358,0.639738,0.631273,0.623842,0.647789,0.640636,0.545067,0.499667,0.543553,0.550368,0.545951,0.612482,0.666542
[GD] Grenada,[XCD] Eastern Caribbean dollar,2.7,2.7,2.7,2.7,2.7,2.7,2.7,2.7,2.7,2.7,2.7,2.7,2.7,2.7,2.7,2.7,2.7,2.7,2.7,2.7,2.7
[GE] Georgia,[GEL] Lari,2.9162,3.221558,3.109017,2.818145,2.534111,2.509542,2.366725,2.269342,1.765667,1.66335,1.651258,1.686495,1.782342,1.670487,1.490792,1.670492,1.780433,1.812675,1.91665,2.14565,2.195675
[GH] Ghana,[GHS] Ghana cedi,8.2724,5.8057,5.595708,5.217367,4.585325,4.350533,3.909817,3.714642,2.896575,1.98135,1.824867,1.520625,1.429983,1.404967,1.052275,0.932619,0.915107,0.905209,0.899495,0.866764,0.792417
[GM] The Gambia,[GMD] Dalasi,54.923467,51.484444,51.50166,50.062461,48.151781,46.608909,43.372528,42.506208,41.732962,35.957587,32.077134,29.46152,28.011954,26.644361,22.19235,24.873433,28.065725,28.575433,30.030083,28.530508,19.917825
[GN] Guinea,[GNF] Guinean franc,,,9565.082183,9183.875864,9011.134177,9088.319496,8967.92708,7485.516742,7014.118777,6907.87807,6985.829026,6658.031258,5726.071021,4801.083238,4601.691004,4197.752004,5148.75,3644.333333,2243.93125,1984.93125,1975.84375
[GQ] Equatorial Guinea,[XAF] CFA franc,623.759701,554.530675,575.586005,585.958558,555.700717,582.029327,593.01401,591.449453,494.413981,494.046706,510.514329,471.764433,495.309821,472.024291,448.215181,479.262675,522.860739,527.789731,528.122551,581.061075,696.381494
[GR] Greece,[EUR] Euro,0.951774,0.845982,0.876828,0.893409,0.847582,0.887039,0.90389,0.901896,0.753941,0.753234,0.778848,0.719207,0.755868,0.718958,0.683499,0.730754,0.797168,0.805111,0.804856,0.885756,1.060945
[GT] Guatemala,[GTQ] Guatemalan quetzal,7.748244,7.734388,7.72165,7.696698,7.519165,7.347939,7.599937,7.654815,7.732233,7.856814,7.833605,7.785418,8.057771,8.161555,7.560028,7.673304,7.602631,7.633944,7.946496,7.940847,7.821645
[GW] Guinea-Bissau,[XOF] CFA franc,,,,,,582.074858,593.07773,591.659351,494.414953,494.040037,510.527136,471.866114,495.277022,472.186291,447.805256,479.266783,522.89011,527.468143,528.284809,581.200314,696.988204
[GY] Guyana,[GYD] Guyana dollar,208.5,208.5,208.5,208.5,207.716667,206.5,206.5,206.5,206.449167,205.394167,204.358333,204.0175,203.635833,203.95,203.633333,202.346667,200.188333,199.875,198.3075,193.878333,190.665
[HK] Hong Kong SAR,[HKD] Hong Kong dollar,7.830519,7.773091,7.756015,7.835344,7.837712,7.792856,7.762394,7.752421,7.754944,7.75656,7.757122,7.784891,7.769363,7.751388,7.786779,7.80158,7.768645,7.777573,7.788796,7.787159,7.799452
[HN] Honduras,[HNL] Lempira,24.485874,24.016655,24.581881,24.508539,23.902728,23.487084,22.835018,21.945175,20.987158,20.353779,19.50225,18.917142,18.8951,18.8951,18.903758,18.8951,18.895208,18.832342,18.209725,17.352492,16.437058
[HR] Croatia,[EUR] Euro,0.95178,0.845268,0.877268,0.879591,0.83447,0.878654,0.903797,0.91134,0.764001,0.757602,0.777494,0.710171,0.731125,0.700672,0.65509,0.711703,0.774982,0.790634,0.800598,0.889693,1.043986
[HT] Haiti,[HTG] Gourde,115.630716,89.226637,93.509807,88.814966,68.031754,64.76968,63.335818,50.706427,45.215981,43.462783,41.949723,40.522822,39.7974,41.197608,39.107592,36.861417,40.408517,40.44855,38.352033,42.366758,29.250483
[HU] Hungary,[HUF] Forint,373.204141,303.365747,307.820562,290.678255,270.420204,274.277214,281.505218,279.53253,232.768695,223.614054,225.256934,201.182276,208.377137,201.949945,172.260564,183.666139,210.583066,199.76726,202.567458,224.410978,257.817984
[ID] Indonesia,[IDR] Rupiah,14853.914859,14306.986058,14562.643392,14145.226968,14242.187528,13380.652966,13301.229781,13405.435619,11864.430022,10422.339464,9377.96342,8775.591679,9082.759484,10397.55111,9682.61156,9138.883663,9170.488367,9714.84555,8945.339423,8570.070111,9315.130891
[IE] Ireland,[EUR] Euro,0.951774,0.845982,0.876828,0.893409,0.847582,0.887039,0.90389,0.901896,0.753941,0.753234,0.778848,0.719207,0.755868,0.718958,0.683499,0.730754,0.797168,0.805111,0.804856,0.885756,1.060945
[IL] Israel,[ILS] New shekel,3.361556,3.229499,3.44009,3.563617,3.595002,3.599328,3.839145,3.886756,3.577521,3.611067,3.857667,3.579318,3.733276,3.927012,3.58462,4.110211,4.457937,4.490305,4.480509,4.544617,4.736951
[IN] India,[INR] Indian rupee,78.627603,73.944862,74.10833,70.4273,68.448351,65.128888,67.197565,64.178069,61.02262,58.638576,53.434264,46.676962,45.724512,48.356272,43.447697,41.225881,45.260794,44.077814,45.271779,46.538938,48.575595
[IQ] Iraq,[IQD] Iraqi dinar,1450,1450,1192,1182,1182.75,1184,1182,1167.333333,1166,1166,1166.166667,1170,1170,1170,1193.083333,1254.567219,1467.416667,1472,1453.416667,2133.777778,2002.372703
[IR] Islamic Republic of Iran,[IRR] Iranian rial,,42000,42000,42000,40849.934426,33249.166667,30909.118919,29029.572917,25934.448087,18674.519231,12175.075419,10613.774725,10259.118919,9863.318653,9434.940722,9283.54023,9172.582353,8974.03125,8609.167796,8201.855727,6327.143958
[IS] Iceland,[ISK] Icelandic krona,135.463825,127.046534,135.27136,122.645927,108.382369,106.7804,120.672988,131.846627,116.748427,122.230484,125.0498,116.068571,122.042151,123.594257,88.073936,64.016048,69.776546,62.85788,70.120797,76.756194,91.456923
[IT] Italy,[EUR] Euro,0.951774,0.845982,0.876828,0.893409,0.847582,0.887039,0.90389,0.901896,0.753941,0.753234,0.778848,0.719207,0.755868,0.718958,0.683499,0.730754,0.797168,0.805111,0.804856,0.885756,1.060945
[JM] Jamaica,[JMD] Jamaican dollar,153.426816,150.790106,142.402833,133.312118,128.871519,127.964544,125.095035,116.969777,110.934528,100.397883,88.749802,85.893463,87.196146,87.89412,72.756203,69.192162,65.743858,62.280715,61.1972,57.740874,48.415942
[JO] Jordan,[JOD] Jordanian dinar,0.71,0.71,0.71,0.71,0.71,0.71,0.71,0.71,0.71,0.71,0.71,0.71,0.71,0.71,0.709667,0.709,0.709,0.709,0.709,0.709,0.709
[JP] Japan,[JPY] Yen,131.550161,109.870103,106.74129,108.977442,110.473675,112.194306,108.654779,121.079599,105.81779,97.617765,79.75303,79.701694,87.707535,93.542562,103.443632,117.774224,116.306952,110.181384,108.158347,115.928893,125.137925
[KE] Kenya,[KES] Kenyan shilling,117.865989,109.637747,106.45078,101.991298,101.301574,103.410005,101.504369,98.178453,87.922164,86.122879,84.529602,88.81077,79.233152,77.352012,69.17532,67.317638,72.100835,75.554109,79.173876,75.935569,78.749142
[KG] Kyrgyz Republic,[KGS] Som,84.116223,84.640822,77.346113,69.789349,68.84032,68.866668,69.914066,64.462108,53.654058,48.438059,47.004479,46.143901,45.964261,42.904108,36.574592,37.316257,40.1529,41.011821,42.649942,43.648375,46.937067
[KH] Cambodia,[KHR] Riel,4102.037865,4098.722795,4092.783219,4061.148963,4051.1669,4050.579986,4058.694579,4067.75,4037.5,4027.25,4033,4058.5,4184.916667,4139.333333,4054.166667,4056.166667,4103.25,4092.5,4016.25,3973.333333,3912.083333
[KI] Kiribati,[AUD] Australian dollar,1.441664,1.331224,1.453085,1.438507,1.338412,1.304758,1.345214,1.33109,1.109363,1.035843,0.965801,0.969463,1.090159,1.282189,1.192178,1.195073,1.327973,1.309473,1.359753,1.541914,1.840563
[KM] Comoros,[KMF] Comorian franc,467.819776,415.898006,431.689503,439.468919,416.775538,436.521995,444.760508,443.58709,370.810486,370.535029,382.885747,353.823325,371.482366,354.018219,336.161386,359.447006,392.145554,395.842298,396.091913,435.795806,522.286121
[KN] St Kitts and Nevis,[XCD] Eastern Caribbean dollar,2.7,2.7,2.7,2.7,2.7,2.7,2.7,2.7,2.7,2.7,2.7,2.7,2.7,2.7,2.7,2.7,2.7,2.7,2.7,2.7,2.7
[KR] Korea,[KRW] Won,1292.982243,1145.505436,1179.35719,1166.277471,1100.726341,1130.818294,1160.496416,1132.720611,1053.047067,1095.113793,1127.089744,1108.133676,1156.676471,1275.989819,1101.955893,929.096176,955.009022,1024.016673,1144.742009,1191.017757,1245.960309
[KW] Kuwait,[KWD] Kuwaiti dinar,0.306294,0.30164,0.306295,0.303625,0.301888,0.303348,0.30214,0.301016,0.284699,0.283649,0.279931,0.275988,0.286846,0.287834,0.268834,0.283719,0.290147,0.292,0.2947,0.29801,0.303747
[KY] Cayman Islands,[KYD] Cayman Islands dollar,0.833333,0.833333,0.833333,0.833333,0.833333,0.833333,0.833333,0.833333,0.833333,0.833333,0.833333,0.833333,0.833333,0.833333,0.833333,0.833333,0.833333,0.833333,0.833333,0.833333,0.833333
[KZ] Kazakhstan,[KZT] Tenge,460.165,425.9075,412.953333,382.680644,344.895781,326.022236,341.905714,220.528025,179.304897,152.135983,149.074752,146.61814,147.346736,147.666032,120.294336,122.475481,124.28027,132.88,136.035,149.575833,153.279167
[LA] Laos,[LAK] Lao kip,14035.226693,9697.915789,9045.787834,8679.409093,8401.334766,8244.843189,8124.366756,8127.610598,8042.42157,7833.22999,8006.582032,8029.262555,8254.16303,8511.351163,8740.181403,9602.728818,10153.624075,10655.166667,10585.375,10569.0375,10056.333333
[LB] Lebanon,[LBP] Lebanese pound,1507.5,1507.5,1507.5,1507.5,1507.5,1507.5,1507.5,1507.5,1507.5,1507.5,1507.5,1507.5,1507.5,1507.5,1507.5,1507.5,1507.5,1507.5,1507.5,1507.5,1507.5
[LC] St Lucia,[XCD] Eastern Caribbean dollar,2.7,2.7,2.7,2.7,2.7,2.7,2.7,2.7,2.7,2.7,2.7,2.7,2.7,2.7,2.7,2.7,2.7,2.7,2.7,2.7,2.7
[LK] Sri Lanka,[LKR] Sri Lanka rupee,321.52612,197.896345,185.33192,178.513655,162.253373,152.434618,145.734661,135.869482,130.53632,129.045817,127.539363,110.469363,112.98992,114.90879,108.297718,110.619606,103.940279,100.38257,101.267648,96.541315,95.772749
[LR] Liberia,[LRD] Liberian dollar,152.933757,166.153701,191.517958,186.429745,144.055576,112.706667,94.427244,86.188367,83.8925,77.52,73.514772,72.226667,71.403333,68.286667,63.2075,61.272222,58.013333,57.095833,54.905833,59.378833,61.754167
[LS] Lesotho,[LSL] Loti,16.355853,14.778678,16.459105,14.448427,13.233926,13.323801,14.709611,12.758931,10.852656,9.655056,8.209969,7.261132,7.321222,8.473674,8.261223,7.045365,6.771549,6.359328,6.459693,7.564749,10.540747
[LT] Lithuania,[EUR] Euro,0.951774,0.845982,0.876828,0.893409,0.847582,0.887039,0.90389,0.901896,0.753941,0.753234,0.778848,0.719207,0.755868,0.718958,0.683499,0.730754,0.797168,0.805111,0.80487,0.885744,1.063103
[LU] Luxembourg,[EUR] Euro,0.951774,0.845982,0.876828,0.893409,0.847582,0.887039,0.90389,0.901896,0.753941,0.753234,0.778848,0.719207,0.755868,0.718958,0.683499,0.730754,0.797168,0.805111,0.804856,0.885756,1.060945
[LV] Latvia,[EUR] Euro,0.951774,0.845982,0.876828,0.893409,0.847582,0.887039,0.90389,0.901896,0.753941,0.751785,0.772697,0.72266,0.762219,0.721943,0.683622,0.727902,0.789712,0.797537,0.76139,0.806672,0.875652
[LY] Libya,[LYD] Libyan dinar,4.813175,4.514425,1.388667,1.398263,1.364967,1.39382,1.390369,1.38121,1.272402,1.271692,1.26166,1.224152,1.266789,1.253534,1.223562,1.262645,1.313572,1.308385,1.304966,1.292944,1.270679
[MA] Morocco,[MAD] Moroccan dirham,10.160586,8.988618,9.492891,9.616844,9.384069,9.706128,9.809507,9.758651,8.421949,8.414899,8.642378,8.101658,8.427113,8.092843,7.751449,8.195744,8.799343,8.868625,8.877746,9.586668,11.028081
[MD] Moldova,[MDL] Moldovan leu,18.89719,17.680466,17.321835,17.573469,16.802052,18.499035,19.923828,18.818475,14.03563,12.586756,12.111437,11.738612,12.369261,11.109575,10.392044,12.139945,13.131058,12.599625,12.329717,13.944883,13.570498
[ME] Montenegro,[EUR] Euro,0.950916,0.845377,0.877475,0.893288,0.84716,0.887298,0.904044,0.901659,0.753729,0.753169,0.778274,0.7192,0.755095,0.719596,0.6833,0.730631,0.797096,0.80461,0.805118,0.885822,1.061627
[MG] Madagascar,[MGA] Malagasy ariary,4096.116184,3829.977849,3787.754058,3618.321858,3334.752255,3116.11,3176.539167,2933.508333,2414.811667,2206.914167,2194.966667,2025.1175,2089.95,1956.205833,1708.370833,1873.876667,2142.301667,2003.025833,1868.857833,1238.327667,1366.391167
[MK] North Macedonia,[MKD] Denar,58.63587,52.147671,54.106707,54.940122,52.138876,54.64498,55.667611,55.568049,46.461647,46.398421,47.885484,44.248571,46.509553,44.094327,41.799486,44.709476,48.776389,49.339444,49.366957,54.233386,64.720556
[ML] Mali,[XOF] CFA franc,623.759701,554.530675,575.586005,585.958558,555.700717,582.029327,593.01401,591.449453,494.413981,494.046706,510.514329,471.764433,495.309821,472.024291,448.215181,479.262675,522.860739,527.789731,528.122551,581.061075,696.381494
[MM] Myanmar,[MMK] Kyat,,,1381.619167,1518.255117,1429.807975,1360.358707,1234.869517,1162.615329,984.345748,933.570456,640.653417,5.444108,5.634883,5.576367,5.44145,5.616883,5.842942,5.818167,5.805833,6.138925,6.642083
[MN] Mongolia,[MNT] Tugrik,3140.677884,2849.288615,2813.289835,2663.541398,2472.484051,2439.777201,2140.290864,1970.309167,1817.938708,1523.9275,1357.58,1265.515833,1357.064167,1437.795,1165.804167,1170.400833,1179.699167,1205.246667,1185.2975,1146.5425,1110.31
[MO] Macao SAR,[MOP] Pataca,8.065206,8.005532,7.989062,8.07047,8.072507,8.026001,7.995064,7.98496,7.987129,7.989255,7.989864,8.018208,8.002217,7.984283,8.02011,8.035854,8.001426,8.011065,8.022171,8.021241,8.033433
[MR] Mauritania,[MRO] Mauritanian ouguiya,,360.633333,371.891667,366.908333,356.775,357.944167,352.370833,324.671667,302.725,300.681667,296.62,281.118333,275.894167,262.365833,238.203333,258.586667,268.6,265.528333,264.108,263.03,271.739167
[MS] Montserrat,[XCD] Eastern Caribbean dollar,2.7,2.7,2.7,2.7,2.7,2.7,2.7,2.7,2.7,2.7,2.7,2.7,2.7,2.7,2.7,2.7,2.7,2.7,2.7,2.7,2.7
[MT] Malta,[EUR] Euro,0.951774,0.845982,0.876828,0.893409,0.847582,0.887039,0.90389,0.901896,0.753941,0.753234,0.778848,0.719207,0.755868,0.718958,0.683499,0.730754,0.797168,0.806193,0.802221,0.878835,1.009681
[MU] Mauritius,[MUR] Mauritius rupee,44.193624,41.68406,39.343666,35.456662,33.981927,34.452735,35.525152,35.117822,30.629687,30.698652,30.035871,28.57714,30.851561,31.908627,28.482911,31.334338,31.679483,29.513052,27.52791,27.839676,29.962
[MV] Maldives,[MVR] Rufiyaa,15.386625,15.372698,15.38127,15.382042,15.390837,15.386969,15.368408,15.366331,15.380394,15.36671,15.364835,14.602008,12.8,12.8,12.8,12.8,12.8,12.8,12.8,12.8,12.8
[MW] Malawi,[MWK] Malawi kwacha,,,749.527494,745.540668,732.333333,730.2725,718.005,499.605833,424.896667,364.405833,249.106667,156.515833,150.485833,141.168333,140.521667,139.9575,136.0125,118.42,108.897508,97.432475,76.686608
[MX] Mexico,[MXN] Mexican peso,20.113637,20.286191,21.484852,19.257458,19.240696,18.911244,18.685217,15.883301,13.302096,12.769587,13.162566,12.438309,12.628714,13.502479,11.147956,10.928046,10.902305,10.895184,11.288203,10.793903,9.667216
[MY] Malaysia,[MYR] Malaysian ringgit,4.401918,4.145229,4.201395,4.142847,4.036542,4.300306,4.14411,3.911086,3.272003,3.150645,3.088957,3.059153,3.217848,3.523168,3.333984,3.4369,3.66831,3.78702,3.800348,3.799894,3.800115
[MZ] Mozambique,[MZN] Mozambique metical,63.850833,65.465,69.465,62.548333,60.326208,63.584323,63.056233,39.982474,31.352688,30.104111,28.372984,29.0676,33.960099,27.5183,24.300642,25.840341,25.400779,23.060965,22.581343,23.782268,23.677957
[NA] Namibia,[NAD] Namibian dollar,16.355858,14.778675,16.463267,14.44869,13.233942,13.3129,14.708767,12.881921,10.842888,9.750075,8.193771,7.300025,7.33025,8.52282,8.251742,7.054392,6.76715,6.377117,6.459693,7.564749,10.540747
[NE] Niger,[XOF] CFA franc,623.759701,554.530675,575.586005,585.958558,555.700717,582.029327,593.01401,591.449453,494.413981,494.046706,510.514329,471.764433,495.309821,472.024291,448.215181,479.262675,522.860739,527.789731,528.122551,581.061075,696.381494
[NG] Nigeria,[NGN] Naira,425.979158,401.152029,358.810797,306.920951,306.083688,305.790109,253.492,192.440333,158.552642,157.311667,157.5,153.8625,150.2975,148.88,118.566667,125.808108,128.651667,131.274333,132.888025,129.22235,120.578158
[NI] Nicaragua,[NIO] Cordoba,35.874421142,35.1710166667,34.3421221197,33.1217452653,31.5532123339,30.0509413443,28.6209624102,27.2568449405,25.9589003668,24.7227641667,23.5466635311,22.4242706164,21.3564486834,20.3394818702,19.3718964065,18.4485061598,17.5699984319,16.7333295341,15.9372473165,15.1046433333,14.25132525
[NL] Netherlands,[EUR] Euro,0.951774,0.845982,0.876828,0.893409,0.847582,0.887039,0.90389,0.901896,0.753941,0.753234,0.778848,0.719207,0.755868,0.718958,0.683499,0.730754,0.797168,0.805111,0.804856,0.885756,1.060945
[NO] Norway,[NOK] Norwegian krone,9.620321,8.596841,9.404113,8.802308,8.134544,8.265782,8.396489,8.071579,6.30258,5.877193,5.821331,5.604805,6.047645,6.281082,5.638257,5.860918,6.414112,6.44369,6.736805,7.080777,7.976962
[NP] Nepal,[NPR] Nepalese rupee,125.199458,118.134082,118.345187,112.609483,109.304504,104.16298,107.451626,102.688683,97.606611,93.570202,85.391179,74.580366,73.166599,77.397611,69.70832,65.994579,72.830269,71.350858,73.592938,76.045863,77.984816
[NZ] New Zealand,[NZD] New Zealand dollar,1.578632,1.41456,1.540074,1.518862,1.446533,1.407427,1.435329,1.436308,1.205764,1.220332,1.235474,1.265442,1.387455,1.596484,1.424612,1.36083,1.542983,1.420447,1.507936,1.722004,2.160643
[OM] Oman,[OMR] Omani rial,0.3845,0.3845,0.3845,0.3845,0.3845,0.3845,0.3845,0.3845,0.3845,0.3845,0.3845,0.3845,0.3845,0.3845,0.3845,0.3845,0.3845,0.3845,0.3845,0.3845,0.3845
[PA] Panama,[PAB] Balboa,1,1,1,1,1,1,1,1,1,1,1,1,1,1,1,1,1,1,1,1,1
[PE] Peru,[PEN] Sol,3.835414,3.8826294820717,3.4960492125984,3.3368528,3.2864369918699,3.2613534136546,3.375164,3.1857379032258,2.8387976190476,2.7016801619433,2.6394040816327,2.7546761133603,2.8252429149798,3.0119837398374,2.924375,3.1289682539683,3.2747888446215,3.296644,3.4127857142857,3.4786625,3.516371686747
[PG] Papua New Guinea,[PGK] Kina,3.51923,3.508772,3.459974,3.387538,3.293463,3.188788,3.133029,2.768412,2.461385,2.24451,2.083648,2.37097,2.719294,2.755143,2.700088,2.965346,3.056735,3.10195,3.22254,3.563453,3.895221
[PH] Philippines,[PHP] Philippine peso,54.540561,49.313163,49.607372,51.793716,52.697618,50.413971,47.500227,45.541434,44.401262,42.474315,42.221429,43.303142,45.079461,47.576188,44.460574,46.066112,51.287661,55.059023,56.052683,54.209295,51.612079
[PK] Pakistan,[PKR] Pakistan rupee,204.867187,162.906254,161.83848,150.184235,121.63349,105.444023,104.76758,102.7713,100.98258,101.531709,93.279271,86.343743,85.174858,81.720028,71.482606,60.724946,60.251705,59.519142,58.151099,57.762205,59.721065
[PL] Poland,[PLN] Zloty,4.462972,3.862889,3.895193,3.83967,3.613292,3.777083,3.94441,3.773096,3.155146,3.161759,3.259642,2.966141,3.020692,3.116972,2.407531,2.767249,3.105295,3.237509,3.646751,3.891269,4.081242
[PT] Portugal,[EUR] Euro,0.951774,0.845982,0.876828,0.893409,0.847582,0.887039,0.90389,0.901896,0.753941,0.753234,0.778848,0.719207,0.755868,0.718958,0.683499,0.730754,0.797168,0.805111,0.804856,0.885756,1.060945
[PY] Paraguay,[PYG] Guarani,6982.752378,6774.162735,6771.097425,6240.722078,5732.104556,5618.933452,5670.540898,5204.920808,4462.185288,4303.882566,4421.659286,4193.802308,4758.430129,4966.682297,4363.291608,5032.711576,5635.093939,6177.934947,5974.5775,6424.339167,5716.258333
[QA] Qatar,[QAR] Qatari riyal,3.64,3.64,3.64,3.64,3.64,3.64,3.64,3.64,3.64,3.64,3.64,3.64,3.64,3.64,3.64,3.64,3.64,3.64,3.64,3.64,3.64
[RO] Romania,[RON] Romanian leu,4.692962,4.163868,4.241662,4.239632,3.94465,4.051266,4.059129,4.009163,3.349944,3.328229,3.474055,3.050108,3.184526,3.048365,2.520048,2.436141,2.811302,2.914235,3.261709,3.320452,3.305151
[RS] Serbia,[RSD] Serbian Dinar,111.86473346614,99.492486956522,103.02717283465,105.27621865079,100.27841706349,107.49469126984,111.29026719368,108.85425357143,88.540809920635,85.173051984127,88.116906349206,73.338161264822,77.906576078431,67.473070866142,55.764103937008,58.393413385827,67.0087884,66.888318972332,58.436796047431,57.558533596838,64.302259126984
[RU] Russia,[RUB] Russian rouble,68.716425,73.679809,72.341358,64.717979,62.806241,58.36246,66.982709,61.339214,38.565863,31.872508,31.10157,29.412455,30.386696,31.743856,24.864452,25.576698,27.186027,28.300305,28.805804,30.677615,31.393305
[RW] Rwanda,[RWF] Rwanda franc,1030.3083,988.624807,943.278048,899.350509,861.093412,831.55434,787.251522,719.859556,682.437795,646.635975,614.295142,600.30652,583.130907,568.281327,546.848653,546.955,551.710333,557.822641,577.448975,537.654985,475.365242
[SA] Saudi Arabia,[SAR] Saudi riyal,3.75,3.75,3.75,3.75,3.75,3.750123,3.750709,3.751223,3.750917,3.750328,3.750273,3.750269,3.750156,3.750305,3.750944,3.747065,3.750543,3.750488,3.750252,3.750272,3.750308
[SB] Solomon Islands,[SBD] Solomon Islands dollar,8.155529,8.030103,8.213413,8.173399,7.952505,7.88739,7.948153,7.914689,7.375345,7.302135,7.355203,7.641259,8.064501,8.055042,7.747917,7.652,7.609458,7.529873,7.484744,7.505944,6.748772
[SC] Seychelles,[SCR] Seychelles rupee,14.272795,16.920523,17.616519,14.03325,13.911117,13.647842,13.319117,13.313925,12.747033,12.058317,13.704031,12.381032,12.067757,13.60994,9.457243,6.70106,5.519692,5.5,5.5,5.400717,5.480033
[SD] Sudan,[SDG] Sudanese pound,546.75885,370.790583,53.996012,45.767045,24.328911,6.68336,6.211714,6.025733,5.736867,4.756761,3.572958,2.66662,2.306001,2.301533,2.090163,2.0161,2.171533,2.436058,2.57905,2.609834,2.633058
[SE] Sweden,[SEK] Swedish krona,10.122728,8.584216,9.199733,9.461526,8.697642,8.544253,8.561069,8.434721,6.863611,6.514909,6.777225,6.493945,7.206174,7.644609,6.587437,6.758491,7.379297,7.478023,7.345271,8.083812,9.719409
[SG] Singapore,[SGD] Singapore dollar,1.379149,1.343868,1.379202,1.364375,1.349319,1.381058,1.380625,1.375221,1.266935,1.251321,1.249759,1.257287,1.362358,1.453575,1.415133,1.506907,1.588997,1.664905,1.690222,1.742396,1.790288
[SI] Slovenia,[EUR] Euro,0.951774,0.845982,0.876828,0.893409,0.847582,0.887039,0.90389,0.901896,0.753941,0.753234,0.778848,0.719207,0.755868,0.718958,0.683499,0.730754,0.797017,0.804858,0.80299,0.864107,0.999814
[SK] Slovakia,[EUR] Euro,0.951774,0.845982,0.876828,0.893409,0.847582,0.887039,0.90389,0.901896,0.753941,0.753234,0.778848,0.719207,0.755868,0.718958,0.708602,0.819576,0.985557,1.031554,1.069483,1.220072,1.503036
[SL] Sierra Leone,[SLL] Leone,14.04765,10.439425,9.829927,9.010221,7.931632,7.384432,6.290297,5.080748,4.524159,4.332501,4.344037,4.349162,3.978087,3.38565,2.981515,2.985186,2.961909,2.889588,2.701297,2.347942,2.099034
[SM] San Marino,[EUR] Euro,0.950916,0.845377,0.877475,0.893288,0.84716,0.887298,0.904044,0.901659,0.753729,0.753169,0.778274,0.7192,0.755095,0.719596,0.6833,0.730631,0.797096,0.80461,0.805118,0.885822,1.061627
[SN] Senegal,[XOF] CFA franc,623.759701,554.530675,575.586005,585.958558,555.700717,582.029327,593.01401,591.449453,494.413981,494.046706,510.514329,471.764433,495.309821,472.024291,448.215181,479.262675,522.860739,527.789731,528.122551,581.061075,696.381494
[SR] Suriname,[SRD] Suriname dollar,24.709175,18.238667,9.309545,7.458,7.462511,7.487661,6.22863,3.416667,3.3,3.3,3.3,3.268,2.745417,2.745,2.745,2.745,2.74375,2.731667,2.733583,2.601333,2.34675
[SS] South Sudan,[SSP] South Sudanese pound,534.511189,306.35462,165.907317,157.999167,141.385833,113.6475,46.729167,3.604167,2.95,2.95,2.95,2.98895,,,,,,,,,
[ST] São Tomé and Príncipe,[STD] Sao Tome Dobra,23290.403955,20710.401516,21507.059099,21884.741816,20750.859237,21741.138361,22148.860635,22090.64456,18466.40305,18449.952625,19068.416808,17622.935006,18498.601324,16208.451254,14695.201667,13536.755,12448.6425,10557.970333,9902.324167,9347.583333,9088.325
[SV] El Salvador,[SVC] El Salvador Colon,,,,,,8.75,8.75,8.75,8.75,8.75,8.75,8.75,8.75,8.75,8.75,8.75,8.75,8.75,8.75,8.75,8.75
[SY] Syria,[SYP] Syrian pound,,,,,,,11.225,11.225,11.225,11.225,11.225,11.225,11.225,11.225,11.225,11.225,11.225,11.225,11.225,11.225,11.225
[SZ] Eswatini,[SZL] Lilangeni,16.355853,14.778678,16.459105,14.448427,13.233926,13.323801,14.709611,12.758931,10.852656,9.655056,8.209969,7.261132,7.321222,8.473674,8.261223,7.045365,6.771549,6.359328,6.459693,7.564749,10.540747
[TD] Chad,[XAF] CFA franc,623.759701,554.530675,575.586005,585.958558,555.700717,582.029327,593.01401,591.449453,494.413981,494.046706,510.514329,471.764433,495.309821,472.024291,448.215181,479.262675,522.860739,527.789731,528.122551,581.061075,696.381494
[TG] Togo,[XOF] CFA franc,623.759701,554.530675,575.586005,585.958558,555.700717,582.029327,593.01401,591.449453,494.413981,494.046706,510.514329,471.764433,495.309821,472.024291,448.215181,479.262675,522.860739,527.789731,528.122551,581.061075,696.381494
[TH] Thailand,[THB] Baht,35.074715,32.015992,31.28113,31.042587,32.335864,33.938246,35.278032,34.280512,32.481254,30.730604,31.085722,30.49221,31.699134,34.315795,33.028459,32.302477,37.933571,40.286427,40.272792,41.524664,42.998063
[TJ] Tajikistan,[TJS] Tajikistani Somoni,11.031075,11.30885,10.321942,9.530367,9.151217,8.549742,7.835675,6.163117,4.937567,4.764233,4.737708,4.610183,4.378967,4.142708,3.430725,3.442483,3.298408,3.116567,2.970508,3.061367,2.764133
[TM] Turkmenistan,[TMT] Turkmenistan new manat,3.5,3.5,3.5,3.5,3.5,3.5,3.5,3.5,2.85,2.85,2.85,2.85,2.85,2.85,2.316667,1.04,1.04,1.04,1.04,1.04,1.04
[TN] Tunisia,[TND] Tunisian dinar,3.1036,2.794467,2.812358,2.934433,2.637358,2.41988,2.142385,1.962498,1.70496,1.625037,1.561564,1.406893,1.450116,1.350275,1.232142,1.281358,1.331025,1.297433,1.245467,1.288458,1.421733
[TO] Tonga,[TOP] Pa'anga,2.32793,2.26496,2.299562,2.289486,2.236571,2.205973,2.215661,2.105763,1.846774,1.773713,1.719507,1.728951,1.905988,2.034494,1.942444,1.970934,2.025881,1.943036,1.971563,2.145892,2.195187
[TR] Türkiye,[TRY] Turkish lira,16.611914,8.923289,7.032102,5.680638,4.854929,3.648063,3.023956,2.728672,2.18954,1.906482,1.801055,1.681476,1.50764,1.554568,1.30454,1.306628,1.439069,1.348366,1.429385,1.501669,1.515541
[TT] Trinidad and Tobago,[TTD] Trinidad and Tobago dollar,6.754399,6.758143,6.751031,6.754499,6.756756,6.753731,6.643022,6.352965,6.384738,6.415124,6.403333,6.399753,6.347503,6.299164,6.256677,6.301383,6.27983,6.265185,6.271454,6.263632,6.211972
[TW] Chinese Taipei,[TWD] New Taiwan dollar,29.79632,27.936586,29.465419,30.913488,30.159007,30.433453,32.240401,31.769797,30.309423,29.688717,29.580005,29.401701,31.528894,33.037096,31.539723,32.851464,32.530915,32.176706,33.422814,34.408467,34.565851
[TZ] Tanzania,[TZS] Tanzanian shilling,,2297.764226,2294.146151,2288.206667,2263.781667,2228.856667,2177.086667,1991.390833,1653.230833,1597.555833,1571.698333,1557.433333,1395.625,1320.312061,1196.310709,1245.035464,1251.899973,1128.934179,1089.334771,1038.419007,966.582784
[UA] Ukraine,[UAH] Hryvnia,32.417944,27.26803,27.026775,25.823631,27.211273,26.593613,25.587328,21.812343,11.873948,7.993,7.991071,7.967902,7.936413,7.794704,5.280441,5.05,5.05,5.119422,5.318841,5.332662,5.326844
[UG] Uganda,[UGX] Uganda shilling,3689.817386,3587.051707,3718.248923,3704.049072,3727.068995,3611.224458,3420.098007,3240.64542,2599.788201,2586.889569,2504.563078,2522.802033,2177.557507,2030.488074,1720.443879,1723.491587,1831.451851,1780.540261,1810.304714,1963.720083,1797.5505
[US] United States,[USD] US dollar,1,1,1,1,1,1,1,1,1,1,1,1,1,1,1,1,1,1,1,1,1
[UY] Uruguay,[UYU] Uruguayan peso,41.125679,43.573647,42.056137,35.276915,30.738565,28.654455,30.084403,27.328178,23.22926,20.499076,20.32117,19.302632,20.072276,22.531714,20.960183,23.432831,24.03629,24.43,28.658367,28.202209,21.396234
[UZ] Uzbekistan,[UZS] Sum,11049.778333,10625.445,10094.161667,8883.5525,8079.863333,5202.7075,2981.889167,2583.543333,2319.553333,2103.740833,1897.539167,1720.905833,1591.319167,1470.4425,1323.919167,1265.584167,1221.733333,1117.804167,1022.350833,971.979167,782.530833
[VC] St Vincent and the Grenadines,[XCD] Eastern Caribbean dollar,2.7,2.7,2.7,2.7,2.7,2.7,2.7,2.7,2.7,2.7,2.7,2.7,2.7,2.7,2.7,2.7,2.7,2.7,2.7,2.7,2.7
[VE] Venezuela,[VEF] Bolivar,,,,,,9.975,9.283944,6.2842,6.2842,6.069694,4.289345,4.289336,4.238012,2.144479,2.1446,2.1446,2.144597,2.107135,1.886128,1.61343,1.161194
[VN] Vietnam,[VND] Dong,23271.2125,23159.782593,23208.368333,23050.241667,22602.05,22370.086667,21935.000833,21697.5675,21148,20933.416667,20828,20509.75,18612.916667,17065.083333,16302.25,16105.125,15994.25,15858.916667,15746,15509.583333,15279.5
[VU] Vanuatu,[VUV] Vatu,115.353917,109.4525,115.38,114.7325,110.165,107.820833,108.475,108.989167,97.071667,94.5425,92.6375,89.469167,96.905833,106.740833,101.334167,102.4375,110.640833,109.245833,111.79,122.189167,139.198333
[WA] Waemu,[XOF] CFA franc,623.759701,554.530675,575.586005,585.958558,555.700717,582.029327,593.01401,591.449453,494.413981,494.046706,510.514329,471.764433,495.309821,472.024291,448.215181,479.262675,522.860739,527.789731,528.122551,581.061075,696.381494
[WS] Samoa,[WST] Tala,2.688998,2.556092,2.664961,2.648826,2.58728,2.554377,2.56493,2.560874,2.331769,2.3109,2.292312,2.317472,2.484657,2.730779,2.644176,2.616572,2.779294,2.710337,2.780723,2.973238,3.376258
[XM] Euro area,[EUR] Euro,0.951774,0.845982,0.876828,0.893409,0.847582,0.887039,0.90389,0.901896,0.753941,0.753234,0.778848,0.719207,0.755868,0.718958,0.683499,0.730754,0.797168,0.805111,0.804856,0.885756,1.060945
[XW] World,[XDR] Special drawing right,0.7478,0.7019,0.7185,0.7238,0.7063,0.7213,0.7193,0.715,0.6581,0.6582,0.6529,0.6334,0.6558,0.6491,0.6331,0.6534,0.6797,0.6773,0.6752,0.714,0.7725
[YE] Yemen,[YER] Yemeni Rial,1114.292841,1035.467186,743.005964,575.954083,535.899507,372.770833,283.895833,230.833333,214.89,214.89,214.349167,213.8,219.59,202.846667,199.764167,198.953333,197.049167,191.509167,184.775833,183.448333,175.625
[ZA] South Africa,[ZAR] South African Rand,16.385952,14.786332,16.444998,14.453477,13.254854,13.319565,14.692312,12.783734,10.851273,9.658115,8.216184,7.266486,7.321136,8.418104,8.260564,7.055041,6.783711,6.374539,6.44643,7.563416,10.513538
[ZM] Zambia,[ZMW] Zambian Kwacha,16.937594,20.018487,18.344093,12.89,10.458333,9.5175,10.3075,8.631667,6.154167,5.396483,5.1475,4.861667,4.7975,5.045,3.745,4.001667,3.601667,4.465,4.778875,4.733271,4.398595
[ZW] Zimbabwe,[ZWL] Zimbabwe Dollar,374.954363,88.552447,51.329013,8.918546,,,,,,,,,,,6723052073.3429,9686.77167,164.547357,22.38904,5.074419,0.698216,0.055098
